{
  "3440x1440": {
    "standings": {
      "x": 0.43459302325581395,
      "y": 0.18541666666666667,
      "w": 0.175,
      "h": 0.6541666666666667
    },
    "fuel": {
      "x": 0.11046511627906977,
      "y": 0.6993055555555555,
      "w": 0.0872093023255814,
      "h": 0.1388888888888889
    },
    "car_lr": {
      "x": 0.10843023255813954,
      "y": 0.40902777777777777,
      "w": 0.0872093023255814,
      "h": 0.1388888888888889
    },
    "map": {
      "x": 0.313953488372093,
      "y": 0.8694444444444445,
      "w": 0.0872093023255814,
      "h": 0.1388888888888889
    },
    "twitchchat": {
      "x": 0.01308139534883721,
      "y": 0.35347222222222224,
      "w": 0.0872093023255814,
      "h": 0.5833333333333334
    }
  }
}