{
  "3440x1440": {
    "standings": {
      "x": 0.43459302325581395,
      "y": 0.18541666666666667,
      "w": 0.175,
      "h": 0.6541666666666667
    },
    "fuel": {
      "x": 0.11046511627906977,
      "y": 0.6993055555555555,
      "w": 0.0872093023255814,
      "h": 0.1388888888888889
    },
    "car_lr": {
      "x": 0.10843023255813954,
      "y": 0.40902777777777777,
      "w": 0.0872093023255814,
      "h": 0.1388888888888889
    },
    "map": {
      "x": 0.313953488372093,
      "y": 0.8694444444444445,
      "w": 0.0872093023255814,
      "h": 0.1388888888888889
    },
    "twitchchat": {
      "x": 0.01308139534883721,
      "y": 0.35347222222222224,
      "w": 0.0872093023255814,
      "h": 0.5833333333333334
    }
  },
  "2560x1440": {
    "standings": {
      "x": -0.00625,
      "y": 0.03680555555555556,
      "w": 0.251953125,
      "h": 0.3034722222222222
    },
    "fuel": {
      "x": 0.18515625,
      "y": 0.8159722222222222,
      "w": 0.15234375,
      "h": 0.14305555555555555
    },
    "car_lr": {
      "x": 0.06875,
      "y": 0.6708333333333333,
      "w": 0.1171875,
      "h": 0.1388888888888889
    },
    "map": {
      "x": 0.056640625,
      "y": 0.4236111111111111,
      "w": 0.1171875,
      "h": 0.12430555555555556
    },
    "twitchchat": {
      "x": 0.2171875,
      "y": 0.6201388888888889,
      "w": 0.1171875,
      "h": 0.1388888888888889
    }
  },
  "layers_state": {
    "standings": true,
    "fuel": false,
    "car_lr": true,
    "map": true,
    "twitchchat": false
  },
  "control_panel": {
    "x": 750,
    "y": 250,
    "w": 350,
    "h": 500
  }
}
